Date,Open,High,Low,Close,Volume,SMAVG (15)
03/02/22,450.95,452.97,450,450.6499,41354824,139085888
02/02/22,455.5,458.12,453.05,457.35,117360952,140835936
01/02/22,450.68,453.63,446.9384,452.95,123155384,137965408
31/01/22,441.24,450.28,439.81,449.91,152251424,137712512
28/01/22,432.68,442,427.82,441.95,164457376,133236520
27/01/22,438.26,441.59,429.45,431.24,149878304,128063288
26/01/22,440.72,444.04,428.86,433.38,186391088,125040664
25/01/22,433.06,439.72,427.15,434.47,167997328,117359840
24/01/22,432.03,440.38,420.76,439.84,252496720,111004568
21/01/22,445.56,448.06,437.95,437.98,202271248,98520616
20/01/22,453.75,458.74,444.5,446.75,122379696,88724464
19/01/22,458.13,459.6124,451.46,451.75,109357568,84199352
18/01/22,459.74,459.96,455.31,456.49,109872376,80060488
14/01/22,461.19,465.09,459.9,464.72,95890944,76522904
13/01/22,472.19,472.88,463.44,464.53,91173120,73892824
12/01/22,471.59,473.2,468.94,471.02,67605440,71740632
11/01/22,465.23,469.85,462.05,469.75,74303064,71887352
10/01/22,462.7,465.74,456.5973,465.51,119361992,74076136
07/01/22,467.95,469.2,464.65,466.09,85111592,75161104
06/01/22,467.89,470.82,465.43,467.94,86858896,77258240
05/01/22,477.16,477.98,468.2801,468.38,104538944,79260928
04/01/22,479.22,479.98,475.58,477.55,71178680,78775944
03/01/22,476.3,477.85,473.85,477.71,72668232,79879008
31/12/21,475.64,476.86,474.67,474.96,65237432,80178440
30/12/21,477.93,479,475.67,476.16,55329040,79914120
29/12/21,476.98,478.56,475.92,477.48,54502964,81041432
28/12/21,477.72,478.81,476.06,476.87,47274584,83773552
27/12/21,472.06,477.31,472.01,477.26,56808620,87220416
23/12/21,468.75,472.19,468.64,470.6,56439744,92588616
22/12/21,462.79,467.81,462.58,467.69,58890224,97335152
21/12/21,458.61,463.21,456.31,463.06,69806256,102241520
20/12/21,454.48,455.4,451.14,454.98,107134824,107491744
17/12/21,461.55,464.74,458.06,459.87,135636512,106100680
16/12/21,472.57,472.87,464.8,466.45,116568624,104569552
15/12/21,463.42,470.86,460.74,470.6,116899248,100922232
14/12/21,463.09,465.74,460.25,463.36,97264128,98009384
13/12/21,470.19,470.56,466.27,466.57,87724680,96375904
10/12/21,469.23,470.9,466.51,470.74,77159760,94348632
09/12/21,468.15,469.6291,466.14,466.35,61272568,92579688
08/12/21,468.7,470,466.83,469.52,72238776,91685400
07/12/21,464.41,468.88,458.6546,468.28,95484688,90126656
06/12/21,456.13,460.79,453.56,458.79,98977536,86893040
03/12/21,459.17,460.3,448.92,453.42,137331648,83858984
02/12/21,450.73,459.07,450.31,457.4,127637760,77026768
01/12/21,461.64,464.67,450.29,450.5,132485832,73146232
30/11/21,462,464.03,455.3,455.56,148559600,67723784
29/11/21,464.07,466.56,461.73,464.6,86268816,61180156
26/11/21,462.34,463.9,457.77,458.97,112669632,59854940
24/11/21,466.06,469.57,465.19,469.44,61858812,55866772
23/11/21,467.22,469.095,464.45,468.19,73206536,55243504
22/11/21,470.89,473.54,467.35,467.57,72761952,53623632
19/11/21,469.61,470.94,468.5,468.89,57315572,52001744
18/11/21,469.24,470.01,466.34,469.73,50625608,52858200
17/11/21,469,469.19,467.48,468.14,47858288,52912356
16/11/21,467.15,470.485,467.07,469.28,48857504,54551004
15/11/21,468.64,468.81,466.23,467.43,46980500,55032176
12/11/21,465.12,467.86,464.11,467.27,53466656,54914444
11/11/21,465.21,465.29,463.75,463.77,34848496,55273008
10/11/21,465.58,467.38,462.04,463.62,69429656,55703468
09/11/21,469.32,469.57,465.88,467.38,51149148,54379596
08/11/21,469.7,470.23,468.2031,468.93,50405192,54102776
05/11/21,469.28,470.65,466.92,468.53,66390564,54889980
04/11/21,465.36,467,464.99,466.91,52847088,54881288
03/11/21,461.3,465.15,460.83,464.72,52509824,56040604
02/11/21,460.22,462.23,460.08,461.9,48908416,57404880
01/11/21,460.3,460.7021,458.2,460.04,48433640,58889732
29/10/21,455.87,459.56,455.56,459.25,70162424,60009708
28/10/21,455.46,458.4,455.45,458.32,51437944,60302704
27/10/21,456.45,457.16,453.86,453.94,72438000,61702676
26/10/21,457.2,458.49,455.56,455.96,56075116,64408960
25/10/21,454.28,455.9,452.39,455.55,45214508,66716120
22/10/21,453.13,454.67,451.05,453.12,58845088,72273152
21/10/21,451.77,453.829,451.31,453.59,41305440,76966152
20/10/21,451.13,452.732,451.01,452.41,49571568,83579520
19/10/21,448.92,450.71,448.27,450.64,46996828,85763360
18/10/21,443.97,447.55,443.27,447.19,62213228,91325992
15/10/21,444.75,446.26,444.09,445.87,66260208,91269856
14/10/21,439.08,442.66,438.58,442.5,70236824,90992160
13/10/21,434.71,436.05,431.54,435.18,72973976,91402776
12/10/21,435.67,436.1,432.78,433.62,71181160,93361184
11/10/21,437.16,440.26,434.62,434.69,65233284,94784184
08/10/21,439.48,439.89,437.19,437.86,74557408,101531664
07/10/21,438.39,441.68,438.2,438.66,72437496,104456176
06/10/21,429.27,435.1199,427.54,434.9,113032248,104812792
05/10/21,430.24,435.49,429.39,433.1,90682520,102530120
04/10/21,433,433.96,426.36,428.64,128569960,101697760
01/10/21,430.98,436.0329,427.23,434.24,129240104,98709008
30/09/21,436.02,436.77,428.78,429.14,140505984,96089544
29/09/21,435.19,437.04,433.85,434.45,82329216,90587176
28/09/21,439.69,440.04,432.94,433.72,130436304,88844016
27/09/21,442.81,444.05,441.9,442.64,61371108,83593032
24/09/21,441.44,444.67,441.21,443.91,62094836,82650584
23/09/21,439.85,444.89,439.6,443.18,76395984,81366320
22/09/21,436.05,440.03,433.747,437.86,102350144,79521344
21/09/21,436.53,437.91,433.07,433.63,92526112,76651352
20/09/21,434.88,436.56,428.86,434.04,166445536,73706768
17/09/21,444.92,445.37,441.02,441.4,118425040,67759408
16/09/21,447.32,448.36,444.02,447.17,77786736,63719708
15/09/21,444.62,448.41,443.44,447.88,78792224,61235908
14/09/21,448.12,448.34,443.22,444.17,78197136,58566072
13/09/21,448.64,448.92,444.11,446.58,83738648,57017800
10/09/21,451.04,451.49,445.31,445.44,89948176,56235804
09/09/21,450.7,452.57,448.72,448.98,57970408,56426744
08/09/21,450.89,451.67,448.86,450.91,56181908,58518844
07/09/21,452.71,452.81,450.7423,451.46,51671536,60951644
03/09/21,451.98,453.63,451.55,453.08,47234364,62435600
02/09/21,453.32,454.05,451.91,453.19,42830868,61917992
01/09/21,452.56,453.11,451.545,451.8,48721376,61658764
31/08/21,452.13,452.49,450.92,451.56,59300212,61346296
30/08/21,450.97,453.07,450.71,452.23,48357356,60282232
27/08/21,447.12,450.65,447.06,450.25,77235112,59806580
26/08/21,448.61,448.86,446.16,446.26,57829572,57786240
25/08/21,448.17,449.457,447.77,448.91,40529712,56528912
24/08/21,447.97,448.54,447.42,447.97,38744712,56942412
23/08/21,445.16,448.23,443.4355,447.26,54973040,58229692
20/08/21,440.23,443.71,439.71,443.36,72008712,58483708
19/08/21,436.27,441.14,436.12,439.86,92812248,58279876
18/08/21,442.96,444.625,438.92,439.18,89351928,55254748
17/08/21,444.24,444.96,440.85,444.04,92673936,52796108
16/08/21,444.53,447.11,442.87,446.97,73930864,51110988
13/08/21,445.59,445.94,445.07,445.92,39470252,49096876
12/08/21,443.62,445.2572,442.66,445.11,38942416,50716636
11/08/21,443.82,443.882,442.62,443.78,44034340,51312380
10/08/21,442.61,443.44,441.88,442.68,43339276,52691716
09/08/21,442.46,442.795,441.31,442.13,41222584,56442976
06/08/21,442.1,442.94,441.8,442.49,46930008,63560604
05/08/21,440.22,441.85,439.88,441.76,38969660,65490248
04/08/21,439.78,441.1243,438.73,438.98,46732212,66567360
03/08/21,438.44,441.28,436.1,441.15,58053896,67727240
02/08/21,440.34,440.93,437.21,437.59,58783296,67384400
30/07/21,437.91,440.06,437.77,438.51,68951200,66991484
29/07/21,439.815,441.8,439.81,440.65,47435344,67477312
28/07/21,439.68,440.3,437.31,438.83,52472360,70821304
27/07/21,439.91,439.94,435.99,439.01,67397136,71559776
26/07/21,439.31,441.03,439.26,441.02,43719188,71647328
23/07/21,437.52,440.3,436.79,439.94,63766636,72579224
22/07/21,434.74,435.72,433.69,435.46,47878540,71890848
21/07/21,432.34,434.7,431.0111,434.55,64724388,73020808
20/07/21,425.68,432.42,424.83,431.06,99608176,71103880
19/07/21,426.19,431.4089,421.97,424.97,147987008,68007304
16/07/21,436.01,436.06,430.92,431.34,75874664,62016808
15/07/21,434.81,435.53,432.72,434.75,55126360,59965852
14/07/21,437.4,437.92,434.91,436.24,64130352,59587120
13/07/21,436.24,437.84,435.31,435.59,52911312,59158452
12/07/21,435.43,437.35,434.97,437.08,52889584,60485832
09/07/21,432.53,435.84,430.714,435.52,76238584,64871612
08/07/21,428.78,431.73,427.52,430.92,97595232,65852352
07/07/21,433.66,434.76,431.51,434.46,63549456,64705076
06/07/21,433.78,434.01,430.01,432.93,68710416,63902344
02/07/21,431.67,434.1,430.5218,433.72,57697668,62145548
01/07/21,428.87,430.6,428.8,430.43,53441028,61337092
30/06/21,427.21,428.78,427.18,428.06,64827856,61175700
29/06/21,427.88,428.56,427.13,427.7,35970516,60082932
28/06/21,427.17,427.65,425.89,427.47,53159580,60827184
25/06/21,425.9,427.0943,425.55,426.61,58129524,60720216
24/06/21,424.89,425.55,424.62,425.1,45110288,60574164
23/06/21,423.19,424.05,422.51,422.6,49445416,61442732
22/06/21,420.85,424,420.08,423.11,57700304,61419508
21/06/21,416.8,421.06,415.93,420.86,72822032,61187260
18/06/21,417.09,417.8281,414.7,414.92,118676304,60233804
17/06/21,421.67,423.02,419.32,421.97,90949656,56102564
16/06/21,424.63,424.87,419.92,422.11,80386080,52911828
15/06/21,425.42,425.46,423.54,424.48,51508508,51382848
14/06/21,424.43,425.37,423.1,425.26,42358480,51374060
11/06/21,424.2,424.43,422.82,424.31,45570828,53655404
10/06/21,422.96,424.63,421.55,423.61,51020148,55818832
09/06/21,423.18,423.26,421.41,421.65,48436344,59515292
08/06/21,423.11,423.21,420.32,422.28,47134280,60273552
07/06/21,422.59,422.78,421.19,422.19,51555032,61473216
04/06/21,420.75,422.92,418.8422,422.6,55938788,63516320
03/06/21,417.85,419.99,416.28,418.77,58138764,66880000
02/06/21,420.37,421.23,419.29,420.33,49097060,71991488
01/06/21,422.57,422.72,419.2,419.67,54216624,76510880
28/05/21,420.97,421.25,419.79,420.04,58520164,78353264
27/05/21,420.17,420.72,418.9851,419.29,56707676,78967512
26/05/21,418.87,419.61,417.76,419.07,43088616,80141752
25/05/21,420.33,420.71,417.62,418.24,57451396,81279992
24/05/21,417.34,420.32,417.08,419.17,51376704,84222648
21/05/21,416.87,418.2,414.45,414.94,76578664,85339416
20/05/21,411.8,416.625,411.67,415.28,78022216,85935976
19/05/21,406.92,411.05,405.33,410.86,106467056,85970784
18/05/21,415.8,416.06,411.77,411.94,59810240,82288904
17/05/21,415.39,416.39,413.36,415.52,65129220,81721760
14/05/21,413.21,417.49,413.18,416.58,82201632,80858640
13/05/21,407.07,412.35,407.02,410.28,106393960,80263608
12/05/21,411.23,412.59,404,405.41,134811040,79676192
11/05/21,413.1,415.27,410.06,414.21,116887976,75141656
10/05/21,422.5,422.74,417.81,417.94,81852448,72805912
07/05/21,419.89,422.815,419.16,422.12,67733792,72582320
06/05/21,415.83,419.21,413.675,419.07,74321368,73535880
05/05/21,417.38,417.63,414.94,415.75,60162208,72596448
04/05/21,416.07,416.6,411.67,415.62,101591168,72696296
03/05/21,419.43,419.84,417.665,418.2,68128288,69693616
30/04/21,417.63,418.54,416.34,417.3,85527032,68932056
29/04/21,420.32,420.72,416.44,420.06,78544328,67303896
28/04/21,417.81,419.01,416.9,417.4,51238856,65925144
27/04/21,417.93,418.14,416.3,417.52,51303056,66231640
26/04/21,417.44,418.22,416.8111,417.61,52182392,66946168
23/04/21,412.87,418.25,412.79,416.74,73276192,69579656
22/04/21,415.89,416.78,411.13,412.27,97582784,71340104
21/04/21,411.51,416.29,411.36,416.07,66792984,72350200
20/04/21,413.91,415.0859,410.59,412.17,81851824,72981480
19/04/21,416.26,416.74,413.79,415.21,78498496,74731872
16/04/21,417.25,417.91,415.73,417.26,82037280,77125912
15/04/21,413.74,416.16,413.69,415.87,60229840,79398664
14/04/21,412.83,413.96,410.87,411.45,61659908,81889256
13/04/21,411.53,413.529,411.12,412.86,56550988,83824360
12/04/21,410.85,411.93,410.2,411.64,56704900,84972872
09/04/21,408.39,411.67,408.26,411.49,61104560,88767512
08/04/21,407.93,408.58,406.93,408.52,57863112,92383816
07/04/21,405.94,406.96,405.45,406.59,55836280,95056896
06/04/21,405.76,407.24,405.4,406.12,62020952,96249312
05/04/21,403.46,406.94,403.38,406.36,91684768,97020728
01/04/21,398.4,400.67,398.18,400.61,99682880,95218648
31/03/21,395.34,398,395.31,396.33,112734216,94322792
30/03/21,394.42,395.45,393.02,394.73,76262248,94133808
29/03/21,394.4,396.75,392.81,395.78,108107624,96625232
26/03/21,390.93,396.41,390.29,395.98,114409112,97628000
25/03/21,385.98,390.55,383.9,389.7,116128624,100136704
24/03/21,391,392.75,387.47,387.52,97588640,104623664
23/03/21,391.91,393.46,388.66,389.5,90686552,106113768
22/03/21,390.03,394.07,389.97,392.59,73778648,105374352
19/03/21,389.88,391.569,387.15,389.48,113624488,107479032
18/03/21,394.475,396.72,390.75,391.48,115349104,110084176
17/03/21,394.53,398.12,393.3,397.26,97959264,112172264
16/03/21,397.07,397.83,395.08,395.91,73722504,110470576
15/03/21,394.33,396.685,392.03,396.41,73592304,112708016
12/03/21,392.07,394.21,391.2,394.06,64653564,112296144
11/03/21,392.23,395.65,391.74,393.53,86245040,113535304
10/03/21,389.69,391.4,388.1702,389.58,109899408,111766488
09/03/21,385.85,389.91,381.7299,387.17,113633552,107960304
08/03/21,384.66,387.68,381.42,381.72,123149248,103782896
05/03/21,380.46,384.76,372.64,383.63,152039616,98945824
04/03/21,381.22,384,371.88,376.7,183433024,91670736
03/03/21,385.79,386.83,381.31,381.42,119940208,83385496
02/03/21,389.82,390.07,386,386.54,79595328,77759552
01/03/21,385.59,390.92,380.572,389.58,105348800,75010872
26/02/21,384.35,385.58,378.23,380.36,152701632,71232272
25/02/21,390.41,391.88,380.7789,382.33,146670496,64195000
24/02/21,386.33,392.23,385.27,391.77,72433944,57912108
23/02/21,384.66,388.945,380.2,387.5,107284128,57379888
22/02/21,387.06,389.62,386.74,387.03,67414168,55282120
19/02/21,392.07,392.38,389.55,390.03,83240968,59238852
18/02/21,389.59,391.515,387.74,390.72,59712772,59969328
17/02/21,390.42,392.66,389.33,392.39,52806680,64211880
16/02/21,393.96,394.17,391.53,392.3,50972368,63535788
12/02/21,389.85,392.9,389.77,392.64,50593272,64831092
11/02/21,391.24,391.69,388.1,390.71,42913288,64934004
10/02/21,392.12,392.28,387.5,390.08,59154368,65270172
09/02/21,389.61,390.89,389.17,390.25,35551060,65448952
08/02/21,389.27,390.56,388.35,390.51,38365184,66494436
05/02/21,388.2,388.47,386.1444,387.71,48669772,71080752
04/02/21,382.96,386.24,381.9655,386.19,47142556,71168712
03/02/21,382.435,383.7,380.48,381.85,52427088,71046112
02/02/21,379.65,383.22,376.3181,381.55,64450664,71054152
01/02/21,373.72,377.34,370.376,376.23,75817600,70169224
29/01/21,375.63,376.67,368.27,370.07,126765120,69893200
28/01/21,376.36,381.93,375.89,377.63,94198104,66026644
27/01/21,380.22,380.32,372.01,374.41,123351080,66946616
26/01/21,385.41,385.85,383.54,383.79,42665280,63151628
25/01/21,383.67,384.77,378.46,384.39,70401968,67654664
22/01/21,382.25,384.1256,381.835,382.88,52136932,68195912
21/01/21,384.49,384.95,383.25,384.24,47955808,68017136
20/01/21,381.11,384.79,380.69,383.89,61836064,68398776
19/01/21,378.34,379.23,376.75,378.65,51233300,66876400
15/01/21,376.72,377.58,373.7,375.7,107159960,65224700
14/01/21,380.59,381.13,378.1,378.46,49989112,61160796
13/01/21,378.69,380.86,377.85,379.79,45303620,61054088
12/01/21,378.89,379.86,376.36,378.77,52547716,64459628
11/01/21,377.85,380.58,377.7189,378.69,51176720,70059272
08/01/21,380.59,381.49,377.1,381.26,71677208,70922120
07/01/21,376.1,379.9,375.91,379.1,68766816,70038344
06/01/21,369.71,376.98,369.12,373.55,107997672,69725296
05/01/21,368.1,372.5,368.05,371.33,66426228,67139864
04/01/21,375.31,375.45,364.82,368.79,110210808,66558020
31/12/20,371.78,374.66,371.232,373.88,78520704,63059656
30/12/20,372.34,373.1,371.57,371.99,49455260,62764832
29/12/20,373.81,374,370.83,371.46,53680452,62298404
28/12/20,371.74,372.59,371.07,372.17,39000400,61982656
24/12/20,368.08,369.03,367.45,369,26457852,62765956
23/12/20,368.28,369.62,367.2172,367.57,46201400,65194232
22/12/20,368.21,368.3317,366.03,367.24,48388464,65175940
21/12/20,364.97,378.46,362.03,367.86,96386744,66917040
18/12/20,370.97,371.15,367.02,369.18,136542336,66082768
17/12/20,371.94,372.46,371.05,372.24,64119472,58880884
16/12/20,369.82,371.16,368.8676,370.17,58420516,57628312
15/12/20,367.4,369.59,365.92,369.59,64071100,57894672
14/12/20,368.64,369.8,364.47,364.66,69216176,57838636
11/12/20,364.9,366.7402,363.26,366.3,57698616,57918352
10/12/20,365.37,367.86,364.43,366.73,57735352,58067840
09/12/20,370.88,371.05,365.95,366.85,74098312,58924904
08/12/20,367.72,370.78,367.67,370.17,42458860,58392416
07/12/20,369.02,369.62,367.72,369.09,48944268,60531236
04/12/20,367.32,369.85,367.22,369.85,50749860,61465580
03/12/20,366.68,368.19,365.5,366.69,62882000,62623492
02/12/20,364.82,366.96,364.2,366.79,45927000,62341296
01/12/20,365.57,367.68,364.93,366.02,74504968,64982964
30/11/20,362.83,363.12,359.17,362.06,83872712,71502912
27/11/20,363.84,364.18,362.58,363.67,28514072,70909600
25/11/20,363.13,363.16,361.48,362.66,45330888,74477976
24/11/20,360.21,363.81,359.29,363.22,62415876,79919896
23/11/20,357.28,358.82,354.865,357.46,63230608,81978448
20/11/20,357.5,357.72,355.25,355.33,70411888,83500960
19/11/20,355.6,358.18,354.15,357.78,59940948,86836752
18/11/20,360.91,361.5,356.24,356.28,70591296,88880536
17/11/20,359.97,361.92,358.34,360.62,66111008,92647400
16/11/20,360.98,362.78,359.59,362.57,74541136,92639608
13/11/20,355.27,358.9,354.71,358.1,62959428,93768400
12/11/20,355.58,356.7182,351.26,353.21,68118560,92847368
11/11/20,356.4,357.56,355.06,356.67,58649048,91999416
10/11/20,353.49,355.18,350.51,354.04,85552024,92327808
09/11/20,363.97,364.38,354.06,354.56,172304208,90627800
06/11/20,349.93,351.51,347.65,350.16,74972976,83702560
05/11/20,349.24,352.19,348.86,350.24,82039752,84671152
04/11/20,340.86,347.94,339.59,343.54,126959696,83225680
03/11/20,333.69,338.25,330.2935,336.03,93294192,78625616
02/11/20,330.2,332.36,327.24,330.2,86068296,77289704
30/10/20,328.28,329.69,322.6,326.54,120448688,76911056
29/10/20,326.91,333.395,325.09,329.98,90597688,72849712
28/10/20,332.1,338.2483,326.13,326.66,127094304,69826032
27/10/20,339.76,340.12,337.99,338.22,65994108,65153056
26/10/20,342.13,342.98,335.62,339.39,91473000,66762040
23/10/20,345.93,345.99,343.13,345.78,49143932,63711380
22/10/20,342.96,345.24,340.65,344.61,55399292,66397192
21/10/20,343.33,348.6847,342.4,342.73,63574980,68617152
20/10/20,343.46,346.88,342.64,343.38,60051880,71317568
19/10/20,348.65,349.33,341.04,342.01,68425616,70749544
16/10/20,348.96,350.75,347.1,347.29,89501872,70493480
15/10/20,343.71,348.02,343.13,347.5,60357660,69264648
14/10/20,350.75,351.93,347.14,347.93,57958748,70352896
13/10/20,352.28,352.4651,349.09,350.13,73255512,72696464
12/10/20,349.59,354.02,349.06,352.43,80388536,72053568
09/10/20,345.56,347.35,344.89,346.85,59528608,73324384
08/10/20,342.85,343.85,341.86,343.78,45242476,76414344
07/10/20,338.12,341.63,338.09,340.76,56999596,79499736
06/10/20,339.91,342.17,334.38,334.93,90128880,81180512
05/10/20,336.06,339.96,336.01,339.76,45713108,78699976
02/10/20,331.7,337.0126,331.19,333.84,89431112,80026144
01/10/20,337.69,338.74,335.01,337.04,88698744,79709424
30/09/20,333.09,338.29,332.88,334.89,104081136,79834144
29/09/20,333.97,334.77,331.6209,332.37,51531592,78992880
28/09/20,333.22,334.96,332.15,334.19,64584616,83188464
25/09/20,322.58,329.58,321.64,328.73,71069424,88159912
24/09/20,321.22,326.797,319.8,323.5,76681328,93289360
23/09/20,330.9,331.2,322.1,322.64,93112240,92813272
22/09/20,328.57,330.9,325.86,330.3,63612108,90272408
21/09/20,325.7,327.13,321.73,326.97,99450832,90438216
18/09/20,335.37,335.49,327.97,330.65,105877944,87047424
17/09/20,333.56,337.6996,332.991,335.84,91523336,83857840
16/09/20,341.51,343.06,338.52,338.82,82211256,81142296
15/09/20,341.12,342.02,338.4683,340.17,52920864,78225768
14/09/20,337.49,340.38,334.2208,338.46,65605688,77936960
11/09/20,335.82,336.97,331,334.06,84680192,77237024
10/09/20,341.82,342.53,332.85,333.89,90569552,74405528
09/09/20,337.55,342.46,336.61,339.79,91462288,72904512
08/09/20,336.71,342.64,332.88,333.21,114465320,69389280
04/09/20,346.13,347.83,334.87,342.57,139156288,64123660
03/09/20,355.87,356.38,342.59,345.39,148011136,57997268
02/09/20,354.67,358.75,353.43,357.7,69540032,50917600
01/09/20,350.21,352.71,349.24,352.6,54999324,49870008
31/08/20,350.35,351.3,349.06,349.31,66099184,50843460
28/08/20,349.44,350.72,348.15,350.58,48588940,49388984
27/08/20,348.51,349.9,346.53,348.33,58034144,49970276
26/08/20,344.76,347.86,344.17,347.57,50790236,49013296
25/08/20,343.53,344.21,342.27,344.12,38463380,48485036
24/08/20,342.12,343,339.4504,342.92,48588664,48715336
21/08/20,337.92,339.72,337.55,339.48,55106628,49014620
20/08/20,335.36,338.8,335.22,338.28,42207824,51021564
19/08/20,339.05,339.61,336.62,337.23,68054240,52331824
18/08/20,338.34,339.1,336.61,338.64,38733908,51025152
17/08/20,337.94,338.34,336.8517,337.91,35480976,52275888
14/08/20,336.41,337.42,335.62,336.84,47260392,53130020
13/08/20,336.61,338.2514,335.83,336.83,41816144,54897104
12/08/20,335.44,338.28,332.8377,337.44,53826128,57158560
11/08/20,336.85,337.54,332.01,332.8,69601088,57423012
10/08/20,335.06,335.77,332.955,335.57,44282088,56616204
07/08/20,333.28,334.88,332.3,334.57,57308272,57417988
06/08/20,331.4799,334.46,331.13,334.33,43679448,57782428
05/08/20,331.47,332.39,331.18,332.11,42866352,58511968
04/08/20,327.86,330.06,327.86,330.06,41917892,61467312
03/08/20,328.32,329.62,327.73,328.79,53077948,64916584
31/07/20,325.9,326.63,321.33,326.52,85210752,68244552
30/07/20,321.9,324.41,319.64,323.96,61861712,66400528
29/07/20,322.12,325.73,322.075,325.12,48454160,67833360
28/07/20,322.43,323.64,320.85,321.17,57494980,68245656
27/07/20,321.63,323.41,320.775,323.22,48292968,69939984
24/07/20,320.95,321.99,319.246,320.88,73766600,70834712
23/07/20,326.47,327.23,321.48,322.96,75737992,70539880
22/07/20,324.62,327.2,324.5,326.86,57792916,70317120
21/07/20,326.45,326.93,323.94,325.01,57498968,74023912
20/07/20,321.43,325.13,320.62,324.32,56308848,75508864
17/07/20,321.88,322.57,319.735,321.72,62774912,80285672
16/07/20,319.79,321.28,319.09,320.79,54622520,82065208
15/07/20,322.41,323.04,319.265,321.85,87196528,87277944
14/07/20,313.3,319.76,312,318.92,93656952,86029592
13/07/20,320.13,322.71,314.13,314.84,102997488,84762416
10/07/20,314.31,317.88,312.76,317.59,57550364,86932560
09/07/20,316.84,317.1,310.68,314.38,83354160,88484448
08/07/20,314.61,316.3,312.7,316.18,54638596,88487432
07/07/20,315.38,317.52,313.37,313.78,82909960,94020032
06/07/20,316.37,317.68,315.56,317.05,61713828,97544880
02/07/20,314.24,315.7,311.51,312.23,69344216,106409216
01/07/20,309.57,311.89,309.07,310.52,72396544,115735840
30/06/20,303.99,310.2,303.82,308.36,113394768,117242784
29/06/20,301.41,304.61,298.93,304.46,79773264,114848416
26/06/20,306.16,306.39,299.42,300.05,127961016,114439616
25/06/20,303.47,307.64,301.28,307.35,89467968,115943856
24/06/20,309.84,310.51,302.1,304.09,132813488,115032288
23/06/20,313.49,314.5,311.6101,312.05,68471248,112349224
22/06/20,307.99,311.05,306.75,310.62,74649392,112735616
19/06/20,314.17,314.38,306.53,308.64,135549632,111544312
18/06/20,310.005,312.3,309.51,311.78,80828656,110458720
17/06/20,314.07,314.39,310.86,311.66,83398944,111121328
16/06/20,315.48,315.64,307.67,312.96,137627504,112549232
15/06/20,298.02,308.28,296.74,307.05,135782720,109304160
12/06/20,308.24,309.08,298.6,304.21,194678880,104515856
11/06/20,311.46,312.15,300.01,300.61,209243552,96756864
10/06/20,321.42,322.39,318.2209,319,95000768,88531400
09/06/20,320.3,323.2849,319.36,320.79,77479232,88543968
08/06/20,320.22,323.41,319.63,323.2,73641216,91400040
05/06/20,317.23,321.275,317.16,319.34,150524672,93900376
04/06/20,311.11,313,309.08,311.36,75794360,91997256
03/06/20,310.24,313.22,309.94,312.18,92567576,96592376
02/06/20,306.55,308.13,305.1,308.08,74267160,96812584
01/06/20,303.62,306.205,303.06,305.55,56779836,97162392
29/05/20,302.46,304.96,299.47,304.32,119265704,98485208
28/05/20,304.65,306.84,302.24,302.97,90767808,95550856
27/05/20,302.12,303.57,296.87,303.53,104817448,94408512
26/05/20,301.93,302.19,295.4646,299.08,88951440,92725344
22/05/20,294.57,295.63,293.22,295.44,63958200,92186800
21/05/20,296.79,297.67,293.6886,294.88,78293928,96268256
20/05/20,295.82,297.87,295.57,296.93,85861688,99242104
19/05/20,294.35,296.205,291.95,291.97,95189312,101434360
18/05/20,293.05,296.75,292.7,295,120320232,102106408
15/05/20,282.37,286.33,281.34,286.28,111146272,99278168
14/05/20,278.95,285.11,272.99,284.97,121977888,97546144
13/05/20,286.06,287.19,278.965,281.6,144721104,96394936
12/05/20,293.79,294.24,286.52,286.67,95870784,92981832
11/05/20,290.34,294,289.88,292.5,79514232,95016160
08/05/20,291.09,292.95,289.86,292.44,76622128,96389160
07/05/20,287.75,289.78,287.13,287.68,75250416,101060008
06/05/20,288.04,288.46,283.78,284.25,73632624,104829864
05/05/20,286.64,289.25,283.7134,286.19,79569936,108039360
04/05/20,280.74,283.9,279.13,283.57,80873216,111677584
01/05/20,285.31,290.6572,281.52,282.79,125180032,113941976
30/04/20,291.71,293.3239,288.59,290.48,122901704,118282152
29/04/20,291.53,294.88,290.41,293.21,118745576,120340336
28/04/20,291.02,291.4,285.4,285.73,105269984,125852448
27/04/20,285.12,288.27,284.62,287.05,77896608,131371864
24/04/20,280.73,283.7,278.5,282.97,85165952,135216160
23/04/20,280.49,283.94,278.75,279.08,104709696,141382464
22/04/20,278.35,281,276.91,279.1,93524584,147038800
21/04/20,276.73,278.04,272.02,273.04,126385696,153795888
20/04/20,282.61,286.7912,281.35,281.59,100109288,156767632
17/04/20,285.38,287.3,282.4,286.64,146684784,165049760
16/04/20,279.15,280.03,275.76,279.1,131798328,172446304
15/04/20,277.57,283.9407,275.46,277.76,121775008,183621760
14/04/20,280.98,284.9,275.5106,283.79,134143352,191203056
13/04/20,277.14,277.51,271.41,275.66,114839056,203995184
09/04/20,277.58,281.2,275.47,278.2,190282704,219483168
08/04/20,267.96,276,265.2542,274.03,153774480,226085792
07/04/20,274.21,275.03,264.89,265.13,201427184,237673968
06/04/20,257.84,267,248.1698,264.86,188061232,241716848
03/04/20,250.76,253.32,245.22,248.19,135561168,248995440
02/04/20,245.19,252.68,244.59,251.83,177660432,261929104
01/04/20,247.98,257.6591,243.9,246.15,189554624,276233120
31/03/20,260.56,263.33,256.22,257.75,194881056,280690592
30/03/20,255.7,262.43,253.53,261.65,170961872,286128096
27/03/20,253.27,260.81,251.05,253.42,224341216,295358464
26/03/20,249.52,262.8,249.05,261.2,257632816,295646880
25/03/20,244.87,256.35,239.75,246.79,299430240,290895808
24/03/20,234.42,244.1,233.8,243.15,235494480,282708032
23/03/20,228.19,229.6833,218.26,222.95,326025184,287017664
20/03/20,242.53,244.47,228.5,228.8,347158784,281196224
19/03/20,239.25,247.38,232.22,240.51,289322048,283769920
18/03/20,236.25,248.37,228.02,240,327597120,283438656
17/03/20,245.04,256.17,237.07,252.8,262070464,274583776
16/03/20,241.18,256.9,237.36,239.85,297240032,271706624
13/03/20,263.09,271.4754,248.5237,269.32,329566112,262629856
12/03/20,256,266.66,247.68,248.11,392220672,248244656
11/03/20,280.7,281.94,270.88,274.36,256416560,227040848
10/03/20,284.64,288.52,273.5,288.42,276444064,213200720
09/03/20,275.3,284.19,273.45,274.23,309417344,198593952
06/03/20,293.15,298.78,290.23,297.46,228667168,182271600
05/03/20,304.98,308.47,300.01,302.46,186366816,170660592
04/03/20,306.12,313.1,303.33,312.86,176613440,161168976
03/03/20,309.5,313.84,297.57,300.24,300139136,153052384
02/03/20,298.21,309.16,294.46,309.09,238703632,135847776
28/02/20,288.7,297.892,285.54,296.26,385764032,124210168
27/02/20,305.46,311.5637,297.51,297.51,284353472,101849872
26/02/20,314.18,318.11,310.7,311.5,194773824,87289720
25/02/20,323.94,324.61,311.69,312.65,218913168,78476344
24/02/20,323.14,333.5623,321.24,322.42,161088416,68498288
21/02/20,335.47,335.81,332.58,333.48,113788208,65348764
20/02/20,337.7423,338.64,333.6817,336.95,74163360,62795672
19/02/20,337.79,339.08,337.48,338.34,48814692,61454176
18/02/20,336.51,337.6677,335.21,336.73,57342528,62455460
14/02/20,337.51,337.73,336.2,337.6,64582208,64236788
13/02/20,335.8621,338.12,335.56,337.06,54501920,65769868
12/02/20,336.83,337.65,336.43,337.42,43992664,65600608
11/02/20,336.16,337.02,334.684,335.26,54864532,65928756
10/02/20,331.23,334.75,331.19,334.68,42070008,67453952
07/02/20,332.82,333.9941,331.6,332.2,64139444,71039016
06/02/20,333.91,334.19,332.8,333.98,50359688,70366408
05/02/20,332.27,333.09,330.67,332.86,65951144,71812872
04/02/20,328.07,330.01,327.72,329.06,62573192,71618552
03/02/20,323.35,326.16,323.22,324.12,69242296,70597808
31/01/20,327,327.17,320.73,321.73,113845576,69518816
30/01/20,324.36,327.91,323.54,327.68,75491840,65167080
29/01/20,328.38,328.63,326.4,326.62,54040888,64696568
28/01/20,325.06,327.85,323.6038,326.89,63833952,63950832
27/01/20,323.03,325.12,322.66,323.5,84062464,63412696
24/01/20,332.44,332.53,327.36,328.77,87578440,62994072
23/01/20,330.63,332.1682,329.41,331.72,51962992,61105768
22/01/20,332.24,332.95,331.17,331.34,48914900,61448700
21/01/20,330.9,332.18,330.82,331.3,77742416,61506556
17/01/20,331.7,332.18,330.8539,331.95,95846016,59160716
16/01/20,329.7,330.92,329.45,330.92,54050328,54839260
15/01/20,327.35,329.02,327.26,328.19,72056600,52587240
14/01/20,327.47,328.62,326.844,327.45,63036384,51317840
13/01/20,326.39,327.96,325.92,327.95,47262008,57071296
10/01/20,327.2899,327.46,325.2,325.71,53057388,59613056
09/01/20,326.16,326.73,325.52,326.65,48569600,59289228
08/01/20,322.94,325.78,322.67,324.45,68434152,60126708
07/01/20,323.02,323.54,322.24,322.73,42854812,61086840
06/01/20,320.49,323.73,320.36,323.64,55761948,63666284
03/01/20,321.16,323.64,321.1,322.41,77783120,66387872
02/01/20,323.54,324.89,322.53,324.87,59253832,64770428
31/12/19,320.53,322.13,320.15,321.86,57107000,64360648
30/12/19,322.95,323.1,320.55,321.08,49782728,62880472
27/12/19,323.74,323.8,322.28,322.86,42554820,62825408
26/12/19,321.65,322.95,321.64,322.94,31024188,62707196
24/12/19,321.47,321.52,320.9,321.23,20270008,63918276
23/12/19,321.59,321.65,321.06,321.22,53015640,67578456
20/12/19,320.46,321.9742,319.3873,320.73,149338208,69118080
19/12/19,319.8,320.98,319.5246,320.9,85388424,61601720
18/12/19,320,320.25,319.53,319.59,48199956,58895368
17/12/19,319.92,320.25,319.48,319.57,61131768,58197236
16/12/19,319.22,320.15,317.2542,319.5,82836128,57372628
13/12/19,316.87,318.67,316.02,317.32,81546488,54840236
12/12/19,314.43,317.99,314.17,317.13,96585800,53048116
11/12/19,314.03,314.7,313.4393,314.42,53521448,51922148
10/12/19,313.82,314.55,312.81,313.53,53107132,52882572
09/12/19,314.44,315.18,313.8,313.88,34904316,52630628
06/12/19,314.12,315.31,314.11,314.87,48956768,54484088
05/12/19,312.23,312.25,310.58,312.02,40781668,54687092
04/12/19,310.7,312.12,310.32,311.46,49190400,55598916
03/12/19,308.65,309.64,307.13,309.55,75172712,55418532
02/12/19,314.59,314.66,311.17,311.64,76110024,52802676
29/11/19,314.86,315.13,314.06,314.31,36592740,50999928
27/11/19,314.61,315.48,314.37,315.48,44793180,52178564
26/11/19,313.41,314.28,313.06,314.08,37727952,52291492
25/11/19,311.98,313.37,311.98,313.37,48762676,52638512
22/11/19,311.09,311.24,309.85,310.96,44850228,53428128
21/11/19,310.89,311.01,309.39,310.27,54664688,55180880
20/11/19,311.28,311.85,309.06,310.77,79696272,56140152
19/11/19,312.68,312.69,311.22,311.93,67927816,54136664
18/11/19,311.53,312.28,311.03,312.02,49327980,52560472
15/11/19,311.02,311.84,310.26,311.79,62706192,52081736
14/11/19,308.79,309.64,308.09,309.55,52001872,50915016
13/11/19,307.91,309.54,307.66,309.1,54459016,49838724
12/11/19,308.75,309.99,308.15,309,46484624,48540912
11/11/19,307.42,308.54,307.27,308.35,35934908,48717004
08/11/19,307.8,309.0036,307.03,308.94,49068796,48952072
07/11/19,308.57,309.65,307.66,308.18,54272272,49970020
06/11/19,307.03,307.4,306.06,307.1,46487108,49470860
05/11/19,307.59,307.9195,306.71,307.03,42933220,49742628
04/11/19,307.85,308,306.96,307.37,60606916,50069236
01/11/19,304.92,306.19,304.74,306.14,71141512,48731884
31/10/19,304.13,304.13,301.73,303.33,69053792,50737692
30/10/19,303.43,304.55,301.99,304.14,49643928,49951168
29/10/19,303,304.23,302.86,303.21,44284920,51022064
28/10/19,302.94,303.85,302.91,303.3,42146964,54841432
25/10/19,299.74,302.2,299.6806,301.6,45205412,56075404
24/10/19,300.91,301.07,299.4601,300.37,35857460,57508424
23/10/19,298.73,299.94,298.495,299.88,34991828,60845048
22/10/19,300.58,300.9,298.91,299.01,49126040,66813856
21/10/19,299.42,300.21,298.935,299.99,39460900,69532144
18/10/19,298.69,299.395,296.99,297.97,64338028,70405608
17/10/19,299.68,300.24,298.515,299.28,46784884,71768480
16/10/19,298.37,299.16,297.92,298.4,50563596,72564312
15/10/19,297.1,299.7,296.97,298.88,47832356,74089008
14/10/19,295.93,296.67,295.57,295.95,40546668,77391352
11/10/19,296.27,298.74,296.1448,296.28,101228576,77857664
10/10/19,291.18,294.21,291,293.24,57255976,77606160
09/10/19,290.75,292.3,288.6559,291.27,65707328,78995712
08/10/19,291.04,291.85,288.49,288.53,101575472,79561360
07/10/19,293.47,295.26,292.77,293.08,60656560,75649952
04/10/19,291.14,294.63,290.82,294.35,66700680,75485600
03/10/19,287.81,290.45,284.82,290.42,85906800,75179208
02/10/19,291.5,291.51,286.64,288.06,124523976,74312672
01/10/19,297.74,298.455,293,293.24,89900416,70599144
30/09/19,295.97,297.55,295.92,296.77,52562760,68468920
27/09/19,297.83,297.9465,293.69,295.4,84781112,68382088
26/09/19,297.63,297.86,295.45,297,58722356,66035636
25/09/19,295.96,298.11,294.33,297.62,73434080,67677928
24/09/19,299.41,299.84,294.81,295.87,97367568,65915920
23/09/19,297.55,299,297.27,298.21,47541320,64040208
20/09/19,300.36,300.67,297.41,298.28,97455976,65068240
19/09/19,301.53,302.63,300.7103,301.08,78099216,62437768
18/09/19,300.49,301.22,298.24,301.1,74192088,61221308
17/09/19,299.94,301.02,299.75,300.92,42904428,60826036
16/09/19,299.84,301.1378,299.45,300.16,58191176,62807116
13/09/19,301.78,302.17,300.68,301.09,62104840,68882248
12/09/19,301.25,302.46,300.41,301.29,72908744,68191208
11/09/19,298.47,300.34,297.75,300.25,68821064,66645520
10/09/19,297.36,298.2,295.97,298.13,57947100,65500968
09/09/19,299.14,299.24,297.16,298.2,51260288,65213836
06/09/19,298.17,298.76,297.42,298.05,49584288,67518168
05/09/19,296.79,298.83,294.001,297.82,83356776,71007872
04/09/19,293.14,294.055,292.31,294.04,47003956,74492224
03/09/19,290.57,291.58,289.27,290.74,69231872,77678160
30/08/19,294.22,294.2399,291.42,292.45,62961780,77431216
29/08/19,291.72,293.16,290.61,292.58,57998912,79482424
28/08/19,286.14,289.07,285.25,288.89,59852324,81463424
27/08/19,289.54,289.95,286.03,286.87,68263000,86844752
26/08/19,287.27,288,285.58,288,72620600,90341328
23/08/19,290.92,292.76,283.47,284.85,149318144,97416320
22/08/19,293.23,293.93,290.4,292.36,51739292,95245096
21/08/19,292.48,292.86,291.72,292.45,49723432,101305576
20/08/19,291.77,292.36,289.95,290.09,51652752,104940360
19/08/19,292.19,293.08,291.44,292.33,53640152,104553448
16/08/19,286.48,289.33,284.7138,288.85,85825288,103519200
15/08/19,284.88,285.64,282.39,284.65,101929848,100803120
14/08/19,288.07,292.4644,283.76,283.9,135622048,97700736
13/08/19,287.74,294.15,287.36,292.55,94792976,91806816
12/08/19,289.96,291.6052,287.02,288.07,65527632,88464480
09/08/19,292.58,293.24,289.65,291.62,93729960,87008464
08/08/19,289.62,293.62,289.01,293.62,87713904,85498552
07/08/19,284.4,288.82,282.04,287.97,140572272,83097736
06/08/19,285.91,288.04,284.28,287.8,120711680,76666416
05/08/19,288.09,288.21,281.72,283.82,178745456,71323504
02/08/19,293.85,294.12,290.9,292.62,116749696,61667820
01/08/19,297.6,300.87,293.96,294.84,142646576,56574800
31/07/19,300.99,301.2,295.2,297.43,104245160,50457660
30/07/19,299.91,301.17,299.49,300.72,45849044,47414356
29/07/19,301.88,301.93,300.85,301.46,38126464,47097836
26/07/19,300.76,302.23,300.62,302.01,45084076,47612192
25/07/19,300.94,301,299.11,300,55394092,48051740
24/07/19,299.19,301.44,299.09,301.44,47213232,47085396
23/07/19,299.14,300.03,298.22,300.03,44657972,48038148
22/07/19,297.61,298.5,297.04,297.9,43687404,50335460
19/07/19,300.04,300.07,296.96,297.17,71081240,51379692
18/07/19,297.19,299.25,296.7,298.83,51701688,49331292
17/07/19,299.75,299.93,297.74,297.74,44102444,49323508
16/07/19,300.65,300.88,299.44,299.71,40567964,51851924
15/07/19,301.13,301.13,300.19,300.75,33910260,52319572
12/07/19,299.85,300.73,299.51,300.65,40354408,55612852
11/07/19,299.32,299.58,298.2,299.31,50889480,60693896
10/07/19,298.37,299.66,297.78,298.61,58595560,62546220
09/07/19,295.54,297.52,295.48,297.19,41101280,64335504
08/07/19,297.01,298.2579,296.22,296.82,45841772,64209132
05/07/19,297.44,298.64,296.01,298.46,51677328,64641328
03/07/19,297.18,298.82,297.02,298.8,40898896,64459184
02/07/19,295.61,296.49,294.68,296.43,61504544,64872344
01/07/19,296.68,296.92,294.33,295.66,79117616,64681464
28/06/19,292.58,293.55,292.01,293,59350928,63460228
27/06/19,291.31,292.06,290.89,291.5,40355240,64454980
26/06/19,291.75,292.31,290.345,290.47,51584904,66393320
25/06/19,293.7,293.73,290.64,290.76,82028656,67698976
24/06/19,294.23,294.58,293.47,293.64,47582728,67379192
21/06/19,294.13,295.52,293.76,294,83309464,70635536
20/06/19,296.04,296.3093,293.1255,295.86,116570016,70872424
19/06/19,292.55,293.65,291.47,293.06,78674376,67269344
18/06/19,291.39,293.57,290.99,292.4,85434824,69022584
17/06/19,289.52,290.22,289.18,289.37,39205708,67995552
14/06/19,289.26,289.93,288.41,289.26,52324716,69066376
13/06/19,289.4,289.98,288.62,289.58,48945156,72160320
12/06/19,288.64,289.26,287.815,288.39,47096312,72196144
11/06/19,290.99,291.4,288.1805,288.9,58641324,72179528
10/06/19,289.37,290.82,288.8734,288.97,60799052,72461944
07/06/19,285.93,288.85,285.74,287.65,74272200,75098872
06/06/19,283.29,285.55,282.57,284.8,69430384,75264040
05/06/19,282.33,282.99,280.32,282.96,71169720,75565776
04/06/19,277.12,280.68,276.62,280.53,77231888,75954672
03/06/19,275.31,276.5521,273.09,274.57,96427952,79291920
31/05/19,276.2,277.12,275.24,275.27,86862784,80358672
30/05/19,279.11,280.04,277.805,279.03,62523780,81465896
29/05/19,278.91,279.36,276.71,278.27,104972928,83402192
28/05/19,283.09,284.15,280.13,280.15,70029360,86052656
24/05/19,283.74,284.2,282.09,282.78,55268096,88530576
23/05/19,283.16,283.21,280.57,282.14,98733848,88615608
22/05/19,285.45,286.69,285.1,285.63,49482472,86368696
21/05/19,285.83,286.93,285.55,286.51,46847084,87847992
20/05/19,284.06,285.43,283.12,283.95,62877608,90132304
17/05/19,285.14,288.6,285.1207,285.84,100353024,89753648
16/05/19,285.84,289.21,285.76,287.7,76749640,86457872
15/05/19,281.59,285.77,281.36,285.06,73956408,85192616
14/05/19,281.99,285.1,281.85,283.4,77003232,83621720
13/05/19,282.42,283.49,279.93,280.86,127290528,81971280
10/05/19,285.62,288.94,282.3,288.1,112429296,76162584
09/05/19,285.23,287.33,283.3,286.66,103471104,73247872
08/05/19,287.53,289.43,286.87,287.53,91568288,70234352
07/05/19,290.15,290.81,285.81,287.93,144729904,67606672
06/05/19,289.25,293.31,288.9,292.82,107198072,61264460
03/05/19,292.82,294.34,291.2998,294.03,56543652,58766440
02/05/19,291.68,292.7,289.52,291.18,65030168,58669736
01/05/19,294.72,294.95,291.8,291.81,71671872,57841160
30/04/19,293.49,294.34,291.92,294.02,81111736,57472524
29/04/19,293.51,294.45,293.41,293.87,57197748,55636164
26/04/19,292.1,293.49,291.2401,293.41,50916424,55731096
25/04/19,292.12,292.78,290.73,292.05,57770864,55603168
24/04/19,292.79,293.16,292.07,292.23,50392912,56301324
23/04/19,290.68,293.14,290.42,292.88,52246632,55613152
22/04/19,289.17,290.435,289.07,290.27,40160140,57304572
18/04/19,290.1,290.32,288.66,290.02,68708512,60106352
17/04/19,291.4,291.425,288.99,289.45,58268296,59275020
16/04/19,290.95,291.01,289.5,290.16,52153196,60205448
15/04/19,290.24,290.35,289.075,289.97,49596684,61270296
12/04/19,290,290.47,288.261,290.16,69727784,63668864
11/04/19,288.83,288.84,287.578,288.21,55093100,67197632
10/04/19,287.77,288.3899,287.31,288.29,52601500,68828112
09/04/19,287.72,288.08,286.7,287.31,66142316,70961960
08/04/19,288.1,288.91,287.37,288.79,53566336,72570352
05/04/19,287.92,288.63,287.6,288.57,58621728,73145912
04/04/19,286.78,287.459,286.01,287.18,48997504,74658400
03/04/19,287.32,287.76,285.75,286.42,68243200,75893120
02/04/19,286.04,286.23,285.09,285.97,40070352,76719520
01/04/19,284.7,286.16,284.4,285.83,77617944,79359328
29/03/19,282.39,282.84,281.14,282.48,82186808,78524728
28/03/19,280.35,281.21,279.07,280.71,56238544,78765328
27/03/19,281.11,281.76,277.93,279.65,72224720,81341760
26/03/19,280.99,282.18,279.56,281.12,68125920,81529432
25/03/19,278.87,280.1853,277.64,279.04,85575200,80928672
22/03/19,283.22,283.8034,279.18,279.25,122659288,82323304
21/03/19,280.64,285.18,280.59,284.73,79550376,79404720
20/03/19,282.16,283.5,280.32,281.55,84609208,78719248
19/03/19,283.51,284.36,281.41,282.4,90268120,76873408
18/03/19,281.55,282.66,281.3,282.33,62199808,74645136
15/03/19,280.54,282.21,280.33,281.31,81308976,75100528
14/03/19,281.37,281.84,280.6662,281.16,67518368,74887576
13/03/19,280.48,282.38,280.3,281.34,80639152,74667328
12/03/19,279.06,280.07,278.85,279.49,79667528,74398776
11/03/19,275.26,278.62,275.23,278.44,65098896,73028992
08/03/19,272.94,274.65,272.42,274.46,85795800,75161640
07/03/19,276.83,276.99,274.07,275.01,94885088,74990880
06/03/19,279.15,279.16,276.97,277.33,75039768,73017024
05/03/19,279.54,279.76,278.41,279.02,59114560,72832384
04/03/19,281.6,281.87,276.84,279.4,106494640,73426176
01/03/19,280.44,280.88,278.82,280.42,78880544,71379128
28/02/19,278.96,279.45,278.32,278.68,69268296,72485888
27/02/19,278.52,279.59,277.48,279.2,56921568,71757856
26/02/19,279.13,280.3,278.9,279.32,56844100,73266600
25/02/19,280.73,281.31,279.43,279.52,69030696,73526648
22/02/19,278.11,279.36,277.4029,279.14,78114616,74643440
21/02/19,277.7,278.1,276.345,277.42,64214728,76369936
20/02/19,277.81,278.92,277.25,278.41,76610768,78253864
19/02/19,276.4813,278.58,276.47,277.85,59120804,77555568
15/02/19,276.36,277.41,276.13,277.37,97088656,79321760
14/02/19,273.78,275.64,272.87,274.38,83234400,79308072
13/02/19,275.03,275.93,274.56,274.99,65277204,77706056
12/02/19,272.42,274.52,272.34,274.1,72270224,79089592
11/02/19,271.2,271.49,270.03,270.62,68021424,81973656
08/02/19,268.75,270.58,267.83,270.47,75788864,85965584
07/02/19,270.94,271.55,268.29,270.14,95481960,87320888
06/02/19,272.79,273.34,271.92,272.74,58347792,86131208
05/02/19,272.44,273.44,271.88,273.1,79552776,87921904
04/02/19,270.11,272.03,269.36,271.96,60744844,87345600
01/02/19,270.15,271.2,269.18,270.06,85782528,88219816
31/01/19,267.51,270.47,267.27,269.93,104012072,88955912
30/01/19,265.1,268.52,264.25,267.58,92473672,88355544
29/01/19,263.92,264.55,262.48,263.41,66136336,89024808
28/01/19,263.39,263.83,261.79,263.76,85613656,91491656
25/01/19,265.61,266.7,263.6595,265.78,96883360,95292672
24/01/19,263.21,264.2,262.08,263.55,59204140,98443160
23/01/19,264.01,264.79,260.66,263.41,86030288,102957896
22/01/19,264.82,265.06,261.06,262.86,115531184,106842496
18/01/19,264.98,266.98,262.998,266.46,127900304,109347104
17/01/19,260.01,263.92,259.96,262.96,96118432,113238240
16/01/19,260.83,261.9666,260.6,260.98,77636712,121396032
15/01/19,257.82,260.7,257.81,260.35,85208272,126041024
14/01/19,256.86,258.3,256.41,257.4,70908224,137383520
11/01/19,257.68,259.0098,257.03,258.98,73858112,149459856
10/01/19,256.26,259.16,255.5,258.88,96823920,158868832
09/01/19,257.56,258.91,256.19,257.97,95006552,161381584
08/01/19,256.82,257.31,254,256.77,102512584,166080624
07/01/19,252.69,255.95,251.69,254.38,103139104,167043856
04/01/19,247.59,253.11,247.17,252.39,142628832,166612096
03/01/19,248.23,248.57,243.67,244.21,144140688,163635296
02/01/19,245.98,251.21,245.95,250.18,126925200,162126208
31/12/18,249.56,250.19,247.47,249.92,144299376,163760912
28/12/18,249.58,251.4,246.45,247.75,153100192,164875552
27/12/18,242.57,248.29,238.96,248.07,186267344,168281232
26/12/18,235.97,246.18,233.76,246.18,218485360,167729152
24/12/18,239.04,240.8355,234.27,234.34,147311584,160031312
21/12/18,246.74,249.71,239.98,240.7,255345632,156757472
20/12/18,249.86,251.62,244.65,247.17,252053376,145224192
19/12/18,255.17,259.4,249.35,251.26,214992768,136929280
18/12/18,257.2,257.95,253.28,255.08,134515088,127629928
17/12/18,259.4,260.65,253.525,255.36,165492256,123994344
14/12/18,262.96,264.03,259.85,260.47,116961072,115815384
13/12/18,266.52,267.49,264.12,265.37,96662720,113055568
12/12/18,267.47,269,265.37,265.46,97976704,115679472
11/12/18,267.66,267.87,262.48,264.13,121504432,116018472
10/12/18,263.37,265.1613,258.62,264.07,151445888,116362712
07/12/18,269.46,271.22,262.63,263.57,161018928,115273080
06/12/18,265.92,269.97,262.44,269.84,204185408,112894216
04/12/18,278.37,278.85,269.9,270.25,177986016,105826960
03/12/18,280.28,280.4,277.505,279.3,103017720,100606136
30/11/18,273.81,276.28,273.45,275.65,98204192,100325792
29/11/18,273.71,275.55,272.43,273.98,82346416,98151168
28/11/18,269.6,274.58,268.3272,274.58,127629632,99511544
27/11/18,266.34,268.4,265.66,268.4,75502440,95008632
26/11/18,265.78,267.75,265.34,267.5,79981360,94349968
23/11/18,263.18,264.8234,263.07,263.25,42807880,97193480
21/11/18,265.86,267.15,265.01,265.02,75563744,100972624
20/11/18,265.36,267,263.15,264.12,136021312,104488136
19/11/18,273.05,273.38,268.07,269.1,103061704,105894448
16/11/18,271.79,274.75,271.21,273.73,126668040,109740272
15/11/18,268.78,273.54,267.0102,273.02,135101440,114734040
14/11/18,274.16,274.61,268.45,270.2,125335928,114931384
13/11/18,273.09,275.325,271.25,272.06,98176608,118429432
12/11/18,277.19,277.46,271.99,272.57,99673576,121641176
09/11/18,279.03,279.24,276.18,277.76,98812560,120490656
08/11/18,280.11,281.22,279.22,280.5,65584888,123229928
07/11/18,277.56,281.1,277.08,281.01,102752096,127828104
06/11/18,273.32,275.3,273.25,275.12,60085896,128353032
05/11/18,272.44,274.01,271.35,273.39,65622480,132231024
02/11/18,274.75,275.23,269.59,271.89,122634104,134673776
01/11/18,271.6,273.73,270.38,273.51,99495040,138710608
31/10/18,270.65,273.23,270.12,270.63,128296328,150400304
30/10/18,263.67,268.12,263.12,267.77,157116000,156162608
29/10/18,268.8,270.25,259.85,263.86,160749104,150644144
26/10/18,265.92,271,262.29,265.33,201574592,145777024
25/10/18,267.38,271.81,266.23,270.08,138061552,139402160
24/10/18,273.33,273.76,264.7,265.32,177806704,137634448
23/10/18,270.95,274.87,268.61,273.61,146352720,130093640
22/10/18,277,277.36,274.41,275.01,82415808,123487344
19/10/18,277.13,279.3,275.47,276.25,139901632,122131552
18/10/18,279.4,280.07,274.97,276.4,134557520,117477536
17/10/18,280.44,281.15,277.56,280.45,110625984,112456992
16/10/18,276.6,280.82,276.07,280.4,118255832,110397904
15/10/18,275.55,277.04,274.3,274.4,102263720,105472184
12/10/18,276.77,277.09,272.37,275.95,183186496,102215248
11/10/18,277.08,278.9,270.36,272.17,274840480,97034792
10/10/18,286.83,286.91,277.88,278.3,214731040,85402800
09/10/18,287.39,288.86,286.77,287.4,74338984,74359440
08/10/18,287.05,288.22,285.5,287.82,87742176,73532200
05/10/18,289.69,290.27,286.22,287.82,105951696,72232328
04/10/18,291.18,291.24,287.66,289.44,111545912,68840872
03/10/18,292.74,293.21,291.32,291.72,64694592,64806756
02/10/18,291.56,292.355,291.14,291.56,47258228,64481168
01/10/18,292.11,292.93,290.98,291.73,62078936,64699320
28/09/18,289.99,291.28,289.95,290.72,70091384,63908116
27/09/18,290.41,291.91,290.1,290.69,59249456,64137012
26/09/18,290.91,292.24,289.41,289.88,79739672,64581040
25/09/18,291.53,291.65,290.4833,290.75,44370036,64095224
24/09/18,291.34,291.5,290.37,291.02,53409644,64976848
21/09/18,293.09,293.22,291.81,291.99,105479656,65825592
20/09/18,292.64,293.94,291.2363,293.58,100360648,62875584
19/09/18,290.97,291.69,290.825,291.22,49080560,60283908
18/09/18,289.58,291.58,289.55,290.91,61930408,60141436
17/09/18,290.82,290.86,289.03,289.34,68244040,59817568
14/09/18,291.06,291.27,290,290.88,55079876,59100456
13/09/18,290.32,291.0384,289.995,290.83,51034224,58708788
12/09/18,289.06,289.8,288.23,289.12,59810760,58306064
11/09/18,287.37,289.55,286.975,289.05,50530492,58803476
10/09/18,288.74,289.04,287.88,288.1,50210904,58088612
07/09/18,286.98,288.7,286.71,287.6,73524824,59115784
06/09/18,289.15,289.49,287,288.16,65909864,58878656
05/09/18,289.41,289.64,287.89,289.03,72452440,61346356
04/09/18,289.84,290.21,288.68,289.81,57594368,59438992
31/08/18,289.84,290.81,289.29,290.31,66140840,59981564
30/08/18,290.94,291.36,289.63,290.3,61229500,60710576
29/08/18,290.16,291.74,289.8854,291.48,61485512,59009744
28/08/18,290.3,290.4175,289.4,289.92,46943472,57718344
27/08/18,288.86,289.9,288.68,289.78,57072376,57468556
24/08/18,286.44,287.67,286.38,287.51,57487400,56290456
23/08/18,285.97,286.94,285.43,285.79,49204852,56053656
22/08/18,285.88,286.76,285.575,286.17,44993332,57001756
21/08/18,286.25,287.31,285.7135,286.34,67271984,57592424
20/08/18,285.57,285.97,285.06,285.67,39807488,57678992
17/08/18,283.83,285.5601,283.37,285.06,65618480,59274660
16/08/18,283.4,285.04,283.36,284.06,69967920,60018972
15/08/18,282.38,282.54,280.16,281.78,102925352,59215744
14/08/18,282.92,284.17,282.4833,283.9,43842032,57612916
13/08/18,283.47,284.16,281.77,282.1,65732908,59225244
10/08/18,283.45,284.055,282.36,283.16,77076048,57979552
09/08/18,285.53,285.97,284.915,285.07,35716976,58332664
08/08/18,285.39,285.91,284.94,285.46,42114552,60045676
07/08/18,285.39,286.01,285.24,285.58,43196648,60210936
06/08/18,283.64,284.99,283.2015,284.64,39400888,60818860
03/08/18,282.53,283.6577,282.33,283.6,53935384,61405536
02/08/18,279.39,282.58,279.16,282.39,63426364,61025508
01/08/18,281.56,282.13,280.1315,280.86,53853328,60805396
31/07/18,280.81,282.02,280.38,281.33,68570496,62352156
30/07/18,281.51,281.69,279.36,279.95,63742508,61245244
27/07/18,283.71,283.82,280.38,281.42,76783176,60365772
26/07/18,283.2,284.11,283.09,283.34,57919496,59679804
25/07/18,281.33,284.37,281.28,284.01,78882928,59613568
24/07/18,281.79,282.56,280.63,281.61,68026936,57167176
23/07/18,279.45,280.43,279.06,280.2,47047564,56869032
20/07/18,279.77,280.48,279.5,279.68,82372728,60238696
19/07/18,280.31,280.74,279.46,280,61412116,59857216
18/07/18,280.56,281.18,280.06,281.06,44593464,62770452
17/07/18,278.47,280.91,278.41,280.47,52315500,64376436
16/07/18,279.64,279.803,278.84,279.34,48201040,70079008
13/07/18,279.17,279.93,278.66,279.59,48234964,70639744
12/07/18,278.28,279.43,277.6,279.37,60124688,72161504
11/07/18,277.15,278.04,276.52,276.86,77054736,71738896
10/07/18,278.41,279.01,278.08,278.9,51966828,73104008
09/07/18,276.55,277.96,276.5,277.9,50550400,73167392
06/07/18,273.14,275.84,272.715,275.42,66493696,77800136
05/07/18,272.17,273.18,270.96,273.11,56925920,78507064
03/07/18,272.87,272.98,270.42,270.9,42187072,79983376
02/07/18,269.51,272.04,269.24,271.86,63554776,81992840
29/06/18,272.12,273.66,271.1495,271.28,97592496,81682024
28/06/18,269.29,271.75,268.49,270.89,76650520,79985176
27/06/18,272.26,273.865,269.18,269.35,105110672,79739768
26/06/18,271.64,272.56,270.79,271.6,68683208,76914536
25/06/18,273.44,273.6162,269.1,271,137854160,75744656
22/06/18,275.66,275.785,274.49,274.74,56612004,69580056
21/06/18,275.96,275.98,273.68,274.24,71061408,70556488
20/06/18,276.27,276.72,275.59,275.97,53785488,72053720
19/06/18,274,275.75,273.53,275.5,97531512,73113248
18/06/18,275.49,276.7,274.95,276.56,52917580,74338392
15/06/18,276.6,277.51,275.35,277.13,120041560,74568872
14/06/18,279.01,279.33,278.0599,278.73,77097616,71635688
13/06/18,279.19,279.48,277.8,278.03,79070608,70808792
12/06/18,279.03,279.33,278.19,278.92,72329024,69068504
11/06/18,278.44,279.37,278.31,278.56,58892516,68114968
08/06/18,276.85,278.25,276.66,278.19,72139720,68479992
07/06/18,277.95,278.28,276.34,277.37,72969400,67439776
06/06/18,275.79,277.52,275.09,277.4,62732216,66171320
05/06/18,275.05,275.53,274.18,275.1,51135040,67791584
04/06/18,274.53,275.185,274.26,274.9,45385168,68035288
01/06/18,272.41,273.94,272.33,273.6,71258408,69001040
31/05/18,272.15,272.49,270.255,270.94,93519944,69054744
30/05/18,270.5,273.11,270.42,272.61,69678448,66797824
29/05/18,270.31,271.17,267.76,269.02,115908608,66652544
25/05/18,272.15,272.86,271.58,272.15,56374756,62612300
24/05/18,272.91,273.22,270.78,272.8,76043824,64935452
23/05/18,271.17,273.39,270.99,273.36,64694184,68953296
22/05/18,273.96,274.25,272.24,272.61,52966360,70398280
21/05/18,273.01,273.98,271.3512,273.37,58025876,71814080
18/05/18,271.62,272.03,270.93,271.33,64367960,73424512
17/05/18,271.94,273.23,271.13,272.01,56536400,72936888
16/05/18,271.14,272.76,271.11,272.24,53942632,73683256
15/05/18,271.59,271.61,270.03,271.1,87036136,77009816
14/05/18,273.34,274.08,272.36,272.98,54790608,78733104
11/05/18,272.16,273.15,271.58,272.85,59871512,79450928
10/05/18,270.34,272.39,270.22,272.02,72063928,82123032
09/05/18,267.68,269.865,267.09,269.5,59666144,82495832
08/05/18,266.5,267.325,265.15,266.92,67499248,82338344
07/05/18,266.89,268.02,266.11,266.92,55304908,82150528
04/05/18,261.52,266.7892,261.15,266.02,91222072,82690560
03/05/18,262.26,263.36,259.05,262.62,136311472,82281032
02/05/18,264.76,265.68,262.76,263.2,86368944,77786296
01/05/18,263.87,265.1,262.11,264.98,74203368,78104384
30/04/18,267.26,267.89,264.43,264.51,82182320,80195744
27/04/18,267,267.34,265.5,266.56,57053648,81746448
26/04/18,264.79,267.2452,264.29,266.31,67731944,89910952
25/04/18,262.91,264.13,260.85,263.63,103840944,90905664
24/04/18,267.73,267.9762,261.28,262.98,112885456,92230624
23/04/18,267.26,267.89,265.35,266.57,65557952,92702048
20/04/18,268.81,269.06,265.61,266.61,99953136,100750608
19/04/18,269.65,269.88,267.72,268.89,77655912,102370056
18/04/18,270.69,271.3,269.87,270.39,57303856,106956480
17/04/18,269.33,270.87,268.75,270.19,64682036,111798984
16/04/18,267,268.2,266.07,267.33,63405288,116950592
13/04/18,267.41,267.54,264.01,265.15,85079176,124959224
12/04/18,265.26,267,265.06,265.93,68890480,129206336
11/04/18,263.47,265.64,263.39,263.76,91140240,129860944
10/04/18,264.27,266.04,262.98,265.15,105573736,127768744
09/04/18,261.37,264.84,259.9356,261,105442928,128011056
06/04/18,263.42,265.11,258,259.72,179521216,127671112
05/04/18,265.55,266.64,264.32,265.64,82652616,121265232
04/04/18,256.75,264.355,256.6,263.56,123715336,122814728
03/04/18,258.87,261.31,256.84,260.77,119956864,120698304
02/04/18,262.55,263.13,254.67,257.47,186286336,117496160
29/03/18,261.12,265.26,259.8389,263.15,124244792,112652096
28/03/18,260.75,262.64,258.58,259.83,146452304,108829184
27/03/18,266.17,266.77,258.84,260.6,129941448,104869936
26/03/18,262.13,265.43,259.41,265.11,141956096,101488048
23/03/18,264.17,265.02,257.83,258.05,183534752,98511464
22/03/18,267.91,268.87,263.36,263.67,148785920,95548032
21/03/18,270.9,273.27,270.19,270.43,78709576,97419312
20/03/18,270.94,271.67,270.18,270.95,59757272,100299192
19/03/18,273.35,274.3957,268.62,270.49,109208440,102921984
16/03/18,274.5,275.39,274.14,274.2,100343672,101407512
15/03/18,275.88,276.61,274.43,275,83433040,100902360
14/03/18,277.81,278.02,274.67,275.3,105895080,102707576
13/03/18,279.84,280.41,276.03,276.72,91968936,102240160
12/03/18,279.2,279.91,278.0801,278.52,71924792,101866872
09/03/18,275.7,278.87,275.34,278.87,113625336,107766560
08/03/18,273.55,274.24,272.42,274.1,66901152,107604888
07/03/18,270.42,273.18,270.2,272.78,87063504,111193864
06/03/18,273.3,273.39,271.18,272.88,79213160,110804536
05/03/18,267.73,272.89,267.61,272.19,97307384,115106056
02/03/18,265.8,269.72,264.82,269.08,139083216,127523256
01/03/18,271.41,273.17,266,267.7,176855072,134681008
28/02/18,275.68,276.19,271.29,271.65,121907768,134049072
27/02/18,278.11,278.92,274.36,274.43,99099168,149590336
26/02/18,275.93,278.01,275.26,277.9,86491408,162629184
23/02/18,271.79,274.71,271.25,274.71,92766432,168408080
22/02/18,271.1,273.05,269.64,270.4,110511288,168230480
21/02/18,271.9,274.72,269.94,270.05,98883744,168792928
20/02/18,272.03,273.67,270.5,271.4,86369664,170987120
16/02/18,272.32,275.32,272.27,273.11,160420128,171237024
15/02/18,271.57,273.04,268.77,273.03,111200288,167725216
14/02/18,264.31,270,264.3,269.59,120735688,165951024
13/02/18,263.97,266.62,263.31,266,81223640,166889728
12/02/18,263.83,267.01,261.6644,265.34,143735968,167947120
09/02/18,260.8,263.61,252.92,261.5,283565312,164452880
08/02/18,268.01,268.17,257.59,257.63,246449504,154943200
07/02/18,268.5,272.36,267.58,267.67,167376096,145228448
06/02/18,259.94,269.7,258.7,269.13,355026784,141620624
05/02/18,273.45,275.85,263.31,263.93,294681824,125055848
02/02/18,280.08,280.23,275.41,275.45,173174784,111464792
01/02/18,281.07,283.06,280.68,281.58,90102472,104077240
31/01/18,282.73,283.3,280.68,281.9,118948128,102708696
30/01/18,282.6,284.736,281.22,281.76,131796416,98595752
29/01/18,285.93,286.43,284.5,284.68,90118336,93630600
26/01/18,284.25,286.6285,283.96,286.58,107743120,93190976
25/01/18,284.16,284.27,282.405,283.3,84587312,91383864
24/01/18,284.02,284.7,281.84,283.18,134816112,91749408
23/01/18,282.74,283.62,282.37,283.29,97084704,88538712
22/01/18,280.17,282.69,280.11,282.69,91322408,88466896
19/01/18,279.8,280.41,279.14,280.41,140920096,85386480
18/01/18,279.48,279.96,278.58,279.14,100728008,79841872
17/01/18,278.03,280.05,276.97,279.61,113258800,76142968
16/01/18,279.35,280.09,276.18,276.97,106555144,73840440
12/01/18,276.42,278.11,276.0819,277.92,90816080,71205584
11/01/18,274.75,276.12,274.56,276.12,62361456,70267944
10/01/18,273.68,274.42,272.92,274.12,69574320,71602704
09/01/18,274.4,275.25,274.081,274.54,57253956,72541328
08/01/18,273.31,274.1,272.98,273.92,57319192,78365080
05/01/18,272.51,273.56,271.95,273.42,83523992,81254912
04/01/18,271.2,272.16,270.5447,271.61,80636408,82547008
03/01/18,268.96,270.64,268.96,270.47,90070416,82850960
02/01/18,267.84,268.81,267.4,268.77,86655752,82384768
29/12/17,268.53,268.55,266.64,266.86,96007424,81711976
28/12/17,267.89,267.92,267.45,267.87,45116140,80459392
27/12/17,267.38,267.73,267.01,267.32,57750984,82511552
26/12/17,267.05,267.4377,266.885,267.19,45244432,83861120
22/12/17,267.6,267.635,266.9,267.51,78720872,87114200
21/12/17,267.74,268.385,267.3,267.58,67032340,92825528
20/12/17,268.27,268.33,266.69,267.03,76751504,96883000
19/12/17,268.48,268.53,267.09,267.17,82382880,96933712
18/12/17,268.1,268.6,267.98,268.2,83653568,98039632
15/12/17,265.45,267.04,265.39,266.51,144610288,95947720
14/12/17,267.09,267.22,265.6,265.66,100666688,88164136
13/12/17,267.06,267.56,266.65,266.75,102905408,84455248
12/12/17,266.57,267.32,266.345,266.78,85195752,82206672
11/12/17,265.58,266.38,265.4793,266.31,83077536,79731992
08/12/17,264.99,265.52,264.0315,265.51,76563872,79243944
07/12/17,263.09,264.43,262.94,264.07,77218568,78658160
06/12/17,262.87,263.73,262.71,263.24,75898568,78897688
05/12/17,264.43,265.15,263.04,263.19,77994544,77925456
04/12/17,266.31,266.8,264.08,264.14,94040560,76074400
01/12/17,264.76,265.31,260.76,264.46,164390896,73804008
30/11/17,263.76,266.05,263.67,265.01,127894392,69183648
29/11/17,263.02,263.63,262.2,262.71,77512104,64021992
28/11/17,260.76,262.9,260.655,262.87,98971720,62687996
27/11/17,260.41,260.75,260,260.23,52274920,59400056
24/11/17,260.32,260.48,260.16,260.36,27856514,59887708
22/11/17,260,260.15,259.57,259.76,45033392,61793912
21/11/17,259.18,260.2,258.2627,259.99,69176800,62405200
20/11/17,258.14,258.525,257.86,258.3,48075512,61813732
17/11/17,258.22,258.5882,257.77,257.86,75756832,62227744
16/11/17,257.52,259.04,257.4748,258.62,67777024,62881456
15/11/17,256.62,257.22,255.63,256.44,80811528,63016188
14/11/17,257.41,257.85,256.52,257.73,61315152,64543104
13/11/17,257.31,258.59,257.27,258.33,50228648,64917820
10/11/17,257.73,258.2926,257.37,258.09,59984664,65830264
09/11/17,257.73,258.39,256.36,258.17,95085496,67776376
08/11/17,258.47,259.22,258.15,259.11,50469580,65564264
07/11/17,258.97,259.35,258.09,258.67,57502160,64925516
06/11/17,258.3,259,258.22,258.85,49652600,63196104
03/11/17,257.77,258.5,257.3,258.45,59589728,62434040
02/11/17,257.41,257.75,256.19,257.59,56449536,62114756
01/11/17,258.04,258.43,257.07,257.49,54202736,61489128
31/10/17,257.18,257.44,256.805,257.15,60304780,61053900
30/10/17,257.07,257.6,256.41,256.75,54285688,59904072
27/10/17,256.47,257.89,255.6254,257.71,85562544,58671904
26/10/17,255.99,256.3,255.48,255.62,69797968,58344132
25/10/17,256.18,256.31,254,255.29,103715288,57925788
24/10/17,256.6,256.83,256.15,256.56,66935912,54741676
23/10/17,257.48,257.51,256.02,256.11,63915304,54733292
20/10/17,256.7,257.14,255.7744,257.11,89176376,54407136
19/10/17,254.83,255.83,254.35,255.79,61903788,54167244
18/10/17,255.9,255.95,255.5,255.72,40888328,53025584
17/10/17,255.23,255.52,254.98,255.47,31560964,55699788
16/10/17,255.21,255.51,254.82,255.29,38221676,57201188
13/10/17,255.14,255.27,254.64,254.95,54800436,58457368
12/10/17,254.66,255.06,254.365,254.64,47065144,58218272
11/10/17,254.51,255.02,254.32,255.02,47674324,58294692
10/10/17,254.6,255.05,253.98,254.62,43057364,59088008
09/10/17,254.63,254.7,253.65,253.95,35803136,59358060
06/10/17,254.15,254.7008,253.85,254.37,80646000,60053536
05/10/17,253.54,254.68,253.196,254.66,63522756,61039292
04/10/17,252.69,253.44,252.56,253.16,55953620,63167532
03/10/17,252.46,252.89,252.23,252.86,66810168,63385824
02/10/17,251.49,252.32,251.2926,252.32,59022984,62724884
29/09/17,250.34,251.32,250.13,251.23,85578000,63547672
28/09/17,249.73,250.44,249.63,250.35,44778840,62097996
27/09/17,249.88,250.49,248.87,250.05,81001424,62981720
26/09/17,249.42,249.7,248.805,249.08,54081960,61442752
25/09/17,249.15,249.5532,248.08,248.93,57064356,63930536
22/09/17,249.05,249.63,249.02,249.44,51214032,64260048
21/09/17,249.88,249.98,249.185,249.39,48211400,67766040
20/09/17,250.07,250.19,248.92,250.06,59574084,68687328
19/09/17,250,250.07,249.6,249.97,47108148,68124776
18/09/17,249.61,250.12,249.28,249.72,46235240,67688600
15/09/17,248.69,249.29,248.57,249.19,95432384,68902648
14/09/17,249.8,250.32,249.6,250.09,95446352,65923268
13/09/17,249.72,250.21,249.59,250.17,59228000,62907100
12/09/17,249.63,250.09,249.42,250.05,56896028,63167904
11/09/17,248.04,249.3,248.02,249.21,71364848,63739488
08/09/17,246.54,247.11,246.3,246.58,63832824,68098360
07/09/17,247.25,247.27,246.4,246.87,58034728,72408864
06/09/17,246.84,247.28,246.23,246.9,57916868,72320920
05/09/17,247.26,247.52,244.95,246.06,91398776,72142648
01/09/17,247.92,248.33,247.67,247.84,62006988,70935520
31/08/17,246.72,247.77,246.0473,247.49,103803880,71793056
30/08/17,244.83,246.32,244.62,246.01,62030804,72904760
29/08/17,243.06,245.15,242.93,244.85,51135716,72944880
28/08/17,245.17,245.2,244.09,244.57,40565608,73650456
25/08/17,244.9,245.61,244.39,244.56,64445912,73079080
24/08/17,245,245.18,243.75,243.99,50741672,72795480
23/08/17,244.33,245.05,244.16,244.56,50203836,72136432
22/08/17,243.57,245.62,243.55,245.44,63140100,71936928
21/08/17,242.64,243.2,241.83,242.9,65469736,71397616
18/08/17,242.9,244.189,242.2,242.71,136747984,71422208
17/08/17,246.24,246.6,243.09,243.09,128490400,65644900
16/08/17,247.11,247.57,246.45,246.94,56715544,61796644
15/08/17,246.98,247,246.16,246.51,55242744,61187304
14/08/17,245.59,246.79,245.55,246.54,73291920,61165492
11/08/17,244.02,244.8,243.75,244.12,74869944,59387516
10/08/17,246.29,246.44,243.7,243.76,120479472,60310252
09/08/17,246.47,247.31,246.06,247.25,62632620,55420632
08/08/17,247.51,248.91,246.83,247.26,61719352,54647408
07/08/17,247.49,247.87,247.37,247.87,31995020,53382284
04/08/17,247.52,247.79,246.97,247.41,60191840,53484744
03/08/17,247.31,247.34,246.64,246.96,40855996,53489468
02/08/17,247.47,247.6,246.37,247.44,47211216,53397180
01/08/17,247.46,247.5,246.716,247.32,55050400,54223792
31/07/17,247.37,247.48,246.53,246.77,65838660,53910740
28/07/17,246.65,247.06,246.13,246.91,50088360,51965712
27/07/17,247.96,248,245.68,247.2,70766568,52491308
26/07/17,247.75,247.79,247.13,247.43,47575424,52181224
25/07/17,247.68,247.8,247.16,247.42,54915592,52638036
24/07/17,246.79,246.98,246.28,246.82,46622256,51587248
21/07/17,246.44,246.91,246.18,246.88,88711016,54267144
20/07/17,247.28,247.42,246.47,247.1,47135184,55483060
19/07/17,246.02,247,246.01,246.99,51034260,57010220
18/07/17,245.06,245.72,244.67,245.66,42742496,59091112
17/07/17,245.47,245.91,245.33,245.53,33531916,60021644
14/07/17,244.43,245.97,244.31,245.56,60262692,62251972
13/07/17,244.02,244.55,243.76,244.42,39471636,61177664
12/07/17,243.3,244.2,243.3,244.01,59610404,62278056
11/07/17,242.16,242.55,240.85,242.19,50354616,62097788
10/07/17,241.95,242.8,241.76,242.37,36663272,63082400
07/07/17,241.21,242.28,240.5645,242.11,57972268,66275056
06/07/17,241.89,242.03,240.34,240.55,66115316,66841232
05/07/17,242.63,243.01,241.7,242.77,54427596,67673696
03/07/17,242.88,243.38,242.21,242.21,39153808,68049656
30/06/17,242.28,242.71,241.575,241.8,86820696,71179944
29/06/17,243.66,243.72,239.955,241.35,106949720,74208984
28/06/17,242.5,243.715,242.23,243.49,70042600,71475712
27/06/17,243.04,243.38,241.31,241.33,82247664,70415832
26/06/17,243.9,244.38,243.045,243.29,56700476,68291016
23/06/17,242.91,243.51,242.47,243.13,66986800,67490904
22/06/17,242.96,243.53,242.64,242.84,44148060,68936192
21/06/17,243.42,243.59,242.41,242.95,55977568,70590456
20/06/17,244.25,244.26,242.99,243.01,56906368,72978352
19/06/17,243.59,244.73,243.48,244.66,65123800,71531392
16/06/17,242.77,242.83,241.6337,242.64,84553096,70298464
15/06/17,242.68,243.91,242.36,243.77,66464888,68933032
14/06/17,244.86,244.87,243.29,244.24,78602312,67780784
13/06/17,243.98,244.61,243.5799,244.55,60066952,65763404
12/06/17,243.13,243.42,242.38,243.36,86108104,65826316
09/06/17,244.09,245.01,241.95,243.41,132256360,67753200
08/06/17,243.77,244.33,243.17,243.78,65950692,66072620
07/06/17,243.6,243.92,242.83,243.66,54144312,73154184
06/06/17,243.34,243.98,243.12,243.21,50375432,72960680
05/06/17,243.97,244.3,243.76,243.99,44698824,73730248
02/06/17,243.42,244.35,243.08,244.17,88666128,74344504
01/06/17,241.97,243.38,241.64,243.36,68962024,72590656
31/05/17,241.84,241.88,240.64,241.44,91796016,71612776
30/05/17,241.34,241.79,241.16,241.5,35201896,68917256
26/05/17,241.54,241.9,241.45,241.71,46629904,69796176
25/05/17,241.2,242.08,240.96,241.76,64071660,70820936
24/05/17,240.32,240.73,239.93,240.61,49181100,70647000
23/05/17,239.95,240.24,239.51,240.05,48341684,72244112
22/05/17,238.9,239.71,238.82,239.52,61010600,72846384
19/05/17,237.33,239.08,237.27,238.31,115011376,73237840
18/05/17,235.73,237.75,235.43,236.77,107047656,69805944
17/05/17,238.1,238.64,235.75,235.82,172174112,66496788
16/05/17,240.64,240.67,239.63,240.08,51241792,60665344
15/05/17,239.47,240.44,239.45,240.3,61918936,62362440
12/05/17,239.09,239.4273,238.67,238.98,53912728,66181836
11/05/17,239.35,239.57,238.13,239.38,62358344,69946976
10/05/17,239.39,239.87,239.15,239.87,54293800,71961232
09/05/17,239.96,240.19,239.04,239.44,51363200,72921640
08/05/17,239.75,239.92,239.17,239.66,48385728,75045816
05/05/17,239.19,239.72,238.68,239.7,62001268,76380456
04/05/17,238.83,238.9225,237.78,238.76,61462732,78439064
03/05/17,238.29,238.8775,237.7,238.48,73137728,79799176
02/05/17,238.84,238.98,238.3,238.77,57375732,80793016
01/05/17,238.68,239.17,238.195,238.68,66882520,81475656
28/04/17,238.9,238.93,237.93,238.08,63532844,81977640
27/04/17,238.77,238.95,237.98,238.6,57410328,82351168
26/04/17,238.51,239.53,238.35,238.4,84702456,85777184
25/04/17,237.91,238.95,237.81,238.55,76698264,83894768
24/04/17,237.18,237.41,234.5628,237.17,119209880,84484648
21/04/17,235.25,235.31,234.13,234.59,110389848,81452864
20/04/17,234.15,235.845,233.78,235.34,92572184,77876064
19/04/17,234.52,234.95,233.18,233.44,68699872,75834608
18/04/17,233.72,234.49,233.08,233.87,83225824,77486880
17/04/17,233.11,234.57,232.88,234.57,68405368,77768792
13/04/17,233.64,234.49,232.51,232.51,92880392,80708752
12/04/17,234.74,234.96,233.77,234.03,81864432,81210744
11/04/17,234.9,235.18,233.34,235.06,88045280,82257728
10/04/17,235.36,236.255,234.73,235.34,67615304,85175328
07/04/17,235.15,236,234.64,235.2,74412312,84170112
06/04/17,234.94,236.04,234.425,235.44,69135760,85142760
05/04/17,236.26,237.39,234.54,234.78,108800608,85756640
04/04/17,235,235.58,234.555,235.48,56466196,84908720
03/04/17,235.8,236.03,233.91,235.33,85546488,85136360
31/03/17,235.9,236.51,235.68,235.74,73733096,83250384
30/03/17,235.47,236.52,235.27,236.29,56737888,83800952
29/03/17,234.99,235.81,234.725,235.54,61950352,86064016
28/03/17,233.27,235.81,233.14,235.32,93483912,87145248
27/03/17,231.93,233.92,231.61,233.62,87454448,85253240
24/03/17,234.38,235.04,232.96,233.86,112504856,83115712
23/03/17,234,235.34,233.6,234.03,100410280,81080336
22/03/17,233.77,234.61,233.05,234.28,97569200,79069384
21/03/17,237.47,237.61,233.58,233.73,131809272,82508648
20/03/17,237.03,237.36,236.32,236.77,52536980,80185496
17/03/17,237.75,237.97,237.03,237.03,89002112,80450728
16/03/17,239.11,239.2,238.1,238.48,78343952,80009360
15/03/17,237.56,239.44,237.29,238.95,96081752,79760824
14/03/17,237.18,237.24,236.19,236.9,59880776,77496384
13/03/17,237.62,237.86,237.24,237.81,57256824,79434072
10/03/17,237.97,238.02,236.59,237.69,81991648,80763888
09/03/17,236.7,237.24,235.74,236.86,90683920,80945944
08/03/17,237.34,237.64,236.4,236.56,78168792,80686064
07/03/17,237.36,237.77,236.76,237,65103736,80215416
06/03/17,237.5,238.12,237.01,237.71,55391532,79553968
03/03/17,238.17,238.61,237.73,238.42,81974304,80262256
02/03/17,239.56,239.57,238.21,238.27,70245976,79194320
01/03/17,238.39,240.32,238.37,239.78,149158176,77949000
28/02/17,236.67,236.95,236.015,236.47,96961936,71867200
27/02/17,236.64,237.31,236.35,237.11,56515440,69255744
24/02/17,235.46,236.7932,235.41,236.74,82381616,70858928
23/02/17,236.88,236.9,235.56,236.44,74615904,70010656
22/02/17,236.02,236.54,235.83,236.28,62115184,70310776
21/02/17,235.52,236.69,235.51,236.49,88946048,71228480
17/02/17,233.95,235.09,233.93,235.09,77204104,70614560
16/02/17,234.96,235.155,233.85,234.72,84722440,69448368
15/02/17,233.45,235.14,233.39,234.92,86785824,67798248
14/02/17,232.56,233.71,232.16,233.7,71108984,67641712
13/02/17,232.08,233.07,232.05,232.77,55182048,69271464
10/02/17,231,231.77,230.6216,231.51,66015892,70596768
09/02/17,229.56,230.95,229.52,230.6,65955244,74806952
08/02/17,228.61,229.39,228.31,229.24,51566216,74850520
07/02/17,229.38,229.6556,228.72,228.94,57931152,75065664
06/02/17,228.87,229.326,228.54,228.93,57790108,75286304
03/02/17,228.82,229.55,228.46,229.34,80563168,75614824
02/02/17,227.2,228.1,226.82,227.77,69657560,
01/02/17,228.255,228.59,226.94,227.62,79117648,
31/01/17,226.98,227.6,226.32,227.53,75880808,
30/01/17,228.17,228.2,226.41,227.55,79737248,
27/01/17,229.42,229.59,228.76,228.97,59711120,
26/01/17,229.4,229.71,229.01,229.33,59970720,
25/01/17,228.7,229.57,228.51,229.57,84437712,
24/01/17,226.4,228.08,226.27,227.6,95555296,
23/01/17,226.35,226.805,225.27,226.15,75061648,
20/01/17,226.7,227.31,225.9719,226.74,129168624,
19/01/17,226.84,227,225.41,225.91,66608788,
18/01/17,226.535,226.8,225.9,226.75,54793304,
17/01/17,226.31,226.78,225.8,226.25,61240816,
13/01/17,226.73,227.4,226.69,227.05,62717864,